seed,intended_valence,intended_arousal,perceived_valence,perceived_arousal,wav
0,-0.8,-0.8,-0.6094799041748047,-0.6957403421401978,therapeutic_track_1_emotional_regulation_Depression_20260823_055527.wav
0,-0.8,-0.2666666666666667,-0.5143244862556458,-0.5924592018127441,therapeutic_track_1_emotional_regulation_Depression_20260823_055530.wav
0,-0.8,0.2666666666666666,-0.5643405914306641,-0.6534745693206787,therapeutic_track_1_emotional_regulation_Depression_20260823_055535.wav
0,-0.8,0.8,-0.45167940855026245,-0.6098159551620483,therapeutic_track_1_emotional_regulation_Depression_20260823_055538.wav
0,-0.2666666666666667,-0.8,-0.2554425597190857,-0.4355219006538391,therapeutic_track_1_emotional_regulation_Depression_20260823_055544.wav
0,-0.2666666666666667,-0.2666666666666667,-0.2480529546737671,-0.42448776960372925,therapeutic_track_1_emotional_regulation_Depression_20260823_055547.wav
0,-0.2666666666666667,0.2666666666666666,-0.12098085880279541,-0.32461023330688477,therapeutic_track_1_emotional_regulation_Depression_20260823_055550.wav
0,-0.2666666666666667,0.8,-0.21847021579742432,-0.47994065284729004,therapeutic_track_1_emotional_regulation_Depression_20260823_055553.wav
0,0.2666666666666666,-0.8,-0.4931074380874634,-0.7397103905677795,therapeutic_track_1_emotional_regulation_Depression_20260823_055555.wav
0,0.2666666666666666,-0.2666666666666667,-0.4367491602897644,-0.7324078679084778,therapeutic_track_1_emotional_regulation_Depression_20260823_055557.wav
0,0.2666666666666666,0.2666666666666666,-0.14200127124786377,-0.6035675406455994,therapeutic_track_1_emotional_regulation_Depression_20260823_055600.wav
0,0.2666666666666666,0.8,-0.2100743055343628,-0.6075783371925354,therapeutic_track_1_emotional_regulation_Depression_20260823_055602.wav
0,0.8,-0.8,-0.5153047442436218,-0.8416000008583069,therapeutic_track_1_emotional_regulation_Depression_20260823_055604.wav
0,0.8,-0.2666666666666667,-0.31927406787872314,-0.7433863282203674,therapeutic_track_1_emotional_regulation_Depression_20260823_055606.wav
0,0.8,0.2666666666666666,-0.22288990020751953,-0.66566002368927,therapeutic_track_1_emotional_regulation_Depression_20260823_055608.wav
0,0.8,0.8,-0.012326240539550781,-0.4931471347808838,therapeutic_track_1_emotional_regulation_Depression_20260823_055611.wav
1,-0.8,-0.8,-0.5531181693077087,-0.6504605412483215,therapeutic_track_1_emotional_regulation_Depression_20260823_055924.wav
1,-0.8,-0.2666666666666667,-0.5601413249969482,-0.6786999106407166,therapeutic_track_1_emotional_regulation_Depression_20260823_055928.wav
1,-0.8,0.2666666666666666,-0.5368863940238953,-0.5647374391555786,therapeutic_track_1_emotional_regulation_Depression_20260823_055932.wav
1,-0.8,0.8,-0.3558293581008911,-0.43779730796813965,therapeutic_track_1_emotional_regulation_Depression_20260823_055935.wav
1,-0.2666666666666667,-0.8,-0.2733205556869507,-0.43514102697372437,therapeutic_track_1_emotional_regulation_Depression_20260823_055940.wav
1,-0.2666666666666667,-0.2666666666666667,-0.30696922540664673,-0.5137319564819336,therapeutic_track_1_emotional_regulation_Depression_20260823_055943.wav
1,-0.2666666666666667,0.2666666666666666,-0.14234578609466553,-0.348194420337677,therapeutic_track_1_emotional_regulation_Depression_20260823_055945.wav
1,-0.2666666666666667,0.8,-0.253362238407135,-0.4905366897583008,therapeutic_track_1_emotional_regulation_Depression_20260823_055948.wav
1,0.2666666666666666,-0.8,-0.47086554765701294,-0.7171763777732849,therapeutic_track_1_emotional_regulation_Depression_20260823_055950.wav
1,0.2666666666666666,-0.2666666666666667,-0.4364853501319885,-0.7472320199012756,therapeutic_track_1_emotional_regulation_Depression_20260823_055953.wav
1,0.2666666666666666,0.2666666666666666,-0.17896652221679688,-0.6074132323265076,therapeutic_track_1_emotional_regulation_Depression_20260823_055956.wav
1,0.2666666666666666,0.8,-0.22770094871520996,-0.6164975166320801,therapeutic_track_1_emotional_regulation_Depression_20260823_055959.wav
1,0.8,-0.8,-0.5095008611679077,-0.8439421951770782,therapeutic_track_1_emotional_regulation_Depression_20260823_060001.wav
1,0.8,-0.2666666666666667,-0.2121490240097046,-0.6483928561210632,therapeutic_track_1_emotional_regulation_Depression_20260823_060003.wav
1,0.8,0.2666666666666666,-0.1616363525390625,-0.6292601227760315,therapeutic_track_1_emotional_regulation_Depression_20260823_060005.wav
1,0.8,0.8,-0.031754374504089355,-0.5131703615188599,therapeutic_track_1_emotional_regulation_Depression_20260823_060007.wav
2,-0.8,-0.8,-0.6350165009498596,-0.6968251466751099,therapeutic_track_1_emotional_regulation_Depression_20260823_060336.wav
2,-0.8,-0.2666666666666667,-0.5103148221969604,-0.6700777411460876,therapeutic_track_1_emotional_regulation_Depression_20260823_060341.wav
2,-0.8,0.2666666666666666,-0.46805787086486816,-0.5355697274208069,therapeutic_track_1_emotional_regulation_Depression_20260823_060345.wav
2,-0.8,0.8,-0.3093287944793701,-0.4268072247505188,therapeutic_track_1_emotional_regulation_Depression_20260823_060350.wav
2,-0.2666666666666667,-0.8,-0.3215748071670532,-0.5525199770927429,therapeutic_track_1_emotional_regulation_Depression_20260823_060355.wav
2,-0.2666666666666667,-0.2666666666666667,-0.3396892547607422,-0.50956791639328,therapeutic_track_1_emotional_regulation_Depression_20260823_060357.wav
2,-0.2666666666666667,0.2666666666666666,-0.12449073791503906,-0.334408164024353,therapeutic_track_1_emotional_regulation_Depression_20260823_060400.wav
2,-0.2666666666666667,0.8,-0.18837738037109375,-0.4572993516921997,therapeutic_track_1_emotional_regulation_Depression_20260823_060404.wav
2,0.2666666666666666,-0.8,-0.48414868116378784,-0.7400115728378296,therapeutic_track_1_emotional_regulation_Depression_20260823_060407.wav
2,0.2666666666666666,-0.2666666666666667,-0.4403308033943176,-0.7467098832130432,therapeutic_track_1_emotional_regulation_Depression_20260823_060409.wav
2,0.2666666666666666,0.2666666666666666,-0.18680894374847412,-0.6458719372749329,therapeutic_track_1_emotional_regulation_Depression_20260823_060412.wav
2,0.2666666666666666,0.8,-0.1859508752822876,-0.5868152379989624,therapeutic_track_1_emotional_regulation_Depression_20260823_060414.wav
2,0.8,-0.8,-0.5082149505615234,-0.8327787518501282,therapeutic_track_1_emotional_regulation_Depression_20260823_060417.wav
2,0.8,-0.2666666666666667,-0.2949110269546509,-0.7069700956344604,therapeutic_track_1_emotional_regulation_Depression_20260823_060419.wav
2,0.8,0.2666666666666666,-0.17702734470367432,-0.6362606883049011,therapeutic_track_1_emotional_regulation_Depression_20260823_060422.wav
2,0.8,0.8,-0.0038776397705078125,-0.4792560935020447,therapeutic_track_1_emotional_regulation_Depression_20260823_060424.wav
3,-0.8,-0.8,-0.5619665384292603,-0.6520481109619141,therapeutic_track_1_emotional_regulation_Depression_20260823_060757.wav
3,-0.8,-0.2666666666666667,-0.5164713859558105,-0.5984771847724915,therapeutic_track_1_emotional_regulation_Depression_20260823_060801.wav
3,-0.8,0.2666666666666666,-0.4654995799064636,-0.564374566078186,therapeutic_track_1_emotional_regulation_Depression_20260823_060805.wav
3,-0.8,0.8,-0.37920457124710083,-0.4678114652633667,therapeutic_track_1_emotional_regulation_Depression_20260823_060809.wav
3,-0.2666666666666667,-0.8,-0.2597680687904358,-0.44524359703063965,therapeutic_track_1_emotional_regulation_Depression_20260823_060814.wav
3,-0.2666666666666667,-0.2666666666666667,-0.31278544664382935,-0.5162607431411743,therapeutic_track_1_emotional_regulation_Depression_20260823_060817.wav
3,-0.2666666666666667,0.2666666666666666,-0.13369476795196533,-0.3397722840309143,therapeutic_track_1_emotional_regulation_Depression_20260823_060820.wav
3,-0.2666666666666667,0.8,-0.22238337993621826,-0.4954429268836975,therapeutic_track_1_emotional_regulation_Depression_20260823_060823.wav
3,0.2666666666666666,-0.8,-0.49266862869262695,-0.7449719309806824,therapeutic_track_1_emotional_regulation_Depression_20260823_060826.wav
3,0.2666666666666666,-0.2666666666666667,-0.4120296239852905,-0.7118853330612183,therapeutic_track_1_emotional_regulation_Depression_20260823_060828.wav
3,0.2666666666666666,0.2666666666666666,-0.17722368240356445,-0.6275482177734375,therapeutic_track_1_emotional_regulation_Depression_20260823_060831.wav
3,0.2666666666666666,0.8,-0.21808159351348877,-0.6228373050689697,therapeutic_track_1_emotional_regulation_Depression_20260823_060833.wav
3,0.8,-0.8,-0.5036006569862366,-0.819441944360733,therapeutic_track_1_emotional_regulation_Depression_20260823_060835.wav
3,0.8,-0.2666666666666667,-0.28740787506103516,-0.713563859462738,therapeutic_track_1_emotional_regulation_Depression_20260823_060838.wav
3,0.8,0.2666666666666666,-0.12716078758239746,-0.588732898235321,therapeutic_track_1_emotional_regulation_Depression_20260823_060840.wav
3,0.8,0.8,-0.04867434501647949,-0.5324885845184326,therapeutic_track_1_emotional_regulation_Depression_20260823_060843.wav
